source_cell_id	table_updated_name	table_cell	orig.ident	orig.ident1	Sample	Day	Treatment	sample.day	treatment.day.sample	State	sex.state	geo_accession	geo_title	registered_instrument	duplicate_group	count_sha256	associated_runs	source_column	source_nCount_RNA	source_nFeature_RNA
D5SEQ50_CAAAGGATGTCG	D5SEQ50_CAAAGGATGTCG	CAPD5r50_CAAAGGATGTCG	CAPD5r50	CAPD5r50	Infection1	d5	CTRL	Infection1_d5	CTRL_d5_Infection1	Replicative	Non.Committed_Replicative	GSM5916706	Infection1_D5_Inf_50	NextSeq 500	1	3a0bf408197398ab20a084f2f41487224cebab32c202f0348f8c52d2b1e026ab	SRR18134229	31	336	209
D11SEQ100_ATCTCGCAGCGA	D11SEQ100_ATCTCGCAGCGA	CAPD11r100_ATCTCGCAGCGA	CAPD11r100	CAPD11r100	Infection1	d11	CTRL	Infection1_d11	CTRL_d11_Infection1	Replicative	Non.Committed_Replicative	GSM5916711	Infection1_D11_Inf_100	NextSeq 500	2	1cedbeae36907dd869cb127ef1843705aeb29ffc058c3272bcce25556aa6fe58	SRR18134234	332	100	40
D5SEQ100_TCTTCGAGATCC	D5SEQ100_TCTTCGAGATCC	CAPD5r100_TCTTCGAGATCC	CAPD5r100	CAPD5r100	Infection1	d5	CTRL	Infection1_d5	CTRL_d5_Infection1	Replicative	Non.Committed_Replicative	GSM5916707	Infection1_D5_Inf_100	NextSeq 500	3	27cc3216cc9b5ae51227abcaf8650d126d25ad3e1c8213536c419f6fbc4bc3c5	SRR18134230	503	692	254
D1SEQ100_GGTGCCCGGGGG	D1SEQ100_GGTGCCCGGGGG	CAPD1r100_GGTGCCCGGGGG	CAPD1r100	CAPD1r100	Infection1	d1	CTRL	Infection1_d1	CTRL_d1_Infection1	Replicative	Non.Committed_Replicative	GSM5916705	Infection1_D1_Inf_100	NextSeq 500	4	a3c52dab966264e358ae0f1fe725cbde19c62c02a84e98fe059d3de01b786452	SRR18134228	688	1492	984
D1SEQ100_ACTCATGAAACG	D1SEQ100_ACTCATGAAACG	CAPD1r100_ACTCATGAAACG	CAPD1r100	CAPD1r100	Infection1	d1	CTRL	Infection1_d1	CTRL_d1_Infection1	Replicative	Sexually.Committed_Replicative	GSM5916705	Infection1_D1_Inf_100	NextSeq 500	5	cdfb8ef0303d124e9e33b8a9b69bace2eacc924da1a7155f7936f8d84b6b0011	SRR18134228	695	1053	824
D1SEQ100_CCGTCGCTAACA	D1SEQ100_CCGTCGCTAACA	CAPD1r100_CCGTCGCTAACA	CAPD1r100	CAPD1r100	Infection1	d1	CTRL	Infection1_d1	CTRL_d1_Infection1	Replicative	Sexually.Committed_Replicative	GSM5916705	Infection1_D1_Inf_100	NextSeq 500	6	d88931feb4c5026bd0daf26eaa8d12a0036d485079a26fb9a42376c4eb068d5f	SRR18134228	696	1831	1184
D1SEQ100_TGTGCTGAGTGA	D1SEQ100_TGTGCTGAGTGA	CAPD1r100_TGTGCTGAGTGA	CAPD1r100	CAPD1r100	Infection1	d1	CTRL	Infection1_d1	CTRL_d1_Infection1	Hypnozoite	Sexually.Committed_Hypnozoite	GSM5916705	Infection1_D1_Inf_100	NextSeq 500	7	ebfc92c168175d0e0a19f6e4945434f0244b2c306b72ff32efd4f3687ee5620e	SRR18134228	700	877	557
D1SEQ100_TTAGCCAAGGAT	D1SEQ100_TTAGCCAAGGAT	CAPD1r100_TTAGCCAAGGAT	CAPD1r100	CAPD1r100	Infection1	d1	CTRL	Infection1_d1	CTRL_d1_Infection1	Replicative	Non.Committed_Replicative	GSM5916705	Infection1_D1_Inf_100	NextSeq 500	8	c483cca5a7b38c8b6f903eb2d350ea17e7e949532ea3ffa69d4349b02659f23d	SRR18134228	707	765	598
D1SEQ100_TGCCAGTTTCCA	D1SEQ100_TGCCAGTTTCCA	CAPD1r100_TGCCAGTTTCCA	CAPD1r100	CAPD1r100	Infection1	d1	CTRL	Infection1_d1	CTRL_d1_Infection1	Replicative	Non.Committed_Replicative	GSM5916705	Infection1_D1_Inf_100	NextSeq 500	9	46daa21e386fc762137da771b61a150e604560060608933bde152bbd53d2c34d	SRR18134228	725	322	274
D1SEQ100_GGAATCACCACA	D1SEQ100_GGAATCACCACA	CAPD1r100_GGAATCACCACA	CAPD1r100	CAPD1r100	Infection1	d1	CTRL	Infection1_d1	CTRL_d1_Infection1	Replicative	Non.Committed_Replicative	GSM5916705	Infection1_D1_Inf_100	NextSeq 500	10	1a3583604c40ed3903a72ef0231857bc4fc9498b7cdf8263363d5956c527505b	SRR18134228	780	136	115
D1SEQ100_CAGAGCCGGGGT	D1SEQ100_CAGAGCCGGGGT	CAPD1r100_CAGAGCCGGGGT	CAPD1r100	CAPD1r100	Infection1	d1	CTRL	Infection1_d1	CTRL_d1_Infection1	Replicative	Non.Committed_Replicative	GSM5916705	Infection1_D1_Inf_100	NextSeq 500	11	8ad4471a1284a21e11672c19aad0c2020ecd1e41359e36ae3dbb01826b7e8fa7	SRR18134228	783	114	104
D1SEQ100_GTAACATTCTTA	D1SEQ100_GTAACATTCTTA	CAPD1r100_GTAACATTCTTA	CAPD1r100	CAPD1r100	Infection1	d1	CTRL	Infection1_d1	CTRL_d1_Infection1	Replicative	Non.Committed_Replicative	GSM5916705	Infection1_D1_Inf_100	NextSeq 500	12	1444427a7515b86d117bc1e8908823881f4b22107367e87e72ffcd65844c61a3	SRR18134228	859	108	105
D14SEQ100_TCCGCGAGTAAG	D14SEQ100_TCCGCGAGTAAG	CAPD14r100_TCCGCGAGTAAG	CAPD14r100	CAPD14r100	Infection1	d14	CTRL	Infection1_d14	CTRL_d14_Infection1	Replicative	Non.Committed_Replicative	GSM5916713	Infection1_D14_Inf_100	NextSeq 500	13	7e6a90a6abf625feb721689ceadc7b7a6d718f9aaf2141cd3ecf3eb8c73b79e7	SRR18134236	1120	332	281
D1SEQ100_GGTGCCCGGGGG.1	D1SEQ100_GGTGCCCGGGGG	CAPD1r100_GGTGCCCGGGGG	CAPD1r100	NA	Infection1	d1	CTRL	NA	CTRL_d1_Infection1	Replicative	Non.Committed_Replicative	GSM5916705	Infection1_D1_Inf_100	NextSeq 500	4	a3c52dab966264e358ae0f1fe725cbde19c62c02a84e98fe059d3de01b786452	SRR18134228	1253	1492	984
D1SEQ100_ACTCATGAAACG.1	D1SEQ100_ACTCATGAAACG	CAPD1r100_ACTCATGAAACG	CAPD1r100	NA	Infection1	d1	CTRL	NA	CTRL_d1_Infection1	Replicative	Sexually.Committed_Replicative	GSM5916705	Infection1_D1_Inf_100	NextSeq 500	5	cdfb8ef0303d124e9e33b8a9b69bace2eacc924da1a7155f7936f8d84b6b0011	SRR18134228	1254	1053	824
D1SEQ100_CCGTCGCTAACA.1	D1SEQ100_CCGTCGCTAACA	CAPD1r100_CCGTCGCTAACA	CAPD1r100	NA	Infection1	d1	CTRL	NA	CTRL_d1_Infection1	Replicative	Sexually.Committed_Replicative	GSM5916705	Infection1_D1_Inf_100	NextSeq 500	6	d88931feb4c5026bd0daf26eaa8d12a0036d485079a26fb9a42376c4eb068d5f	SRR18134228	1255	1831	1184
D1SEQ100_TGTGCTGAGTGA.1	D1SEQ100_TGTGCTGAGTGA	CAPD1r100_TGTGCTGAGTGA	CAPD1r100	NA	Infection1	d1	CTRL	NA	CTRL_d1_Infection1	Hypnozoite	Sexually.Committed_Hypnozoite	GSM5916705	Infection1_D1_Inf_100	NextSeq 500	7	ebfc92c168175d0e0a19f6e4945434f0244b2c306b72ff32efd4f3687ee5620e	SRR18134228	1257	877	557
D1SEQ100_TTAGCCAAGGAT.1	D1SEQ100_TTAGCCAAGGAT	CAPD1r100_TTAGCCAAGGAT	CAPD1r100	NA	Infection1	d1	CTRL	NA	CTRL_d1_Infection1	Replicative	Non.Committed_Replicative	GSM5916705	Infection1_D1_Inf_100	NextSeq 500	8	c483cca5a7b38c8b6f903eb2d350ea17e7e949532ea3ffa69d4349b02659f23d	SRR18134228	1258	765	598
D1SEQ100_TGCCAGTTTCCA.1	D1SEQ100_TGCCAGTTTCCA	CAPD1r100_TGCCAGTTTCCA	CAPD1r100	NA	Infection1	d1	CTRL	NA	CTRL_d1_Infection1	Replicative	Non.Committed_Replicative	GSM5916705	Infection1_D1_Inf_100	NextSeq 500	9	46daa21e386fc762137da771b61a150e604560060608933bde152bbd53d2c34d	SRR18134228	1259	322	274
D1SEQ100_GGAATCACCACA.1	D1SEQ100_GGAATCACCACA	CAPD1r100_GGAATCACCACA	CAPD1r100	NA	Infection1	d1	CTRL	NA	CTRL_d1_Infection1	Replicative	Non.Committed_Replicative	GSM5916705	Infection1_D1_Inf_100	NextSeq 500	10	1a3583604c40ed3903a72ef0231857bc4fc9498b7cdf8263363d5956c527505b	SRR18134228	1261	136	115
D1SEQ100_CAGAGCCGGGGT.1	D1SEQ100_CAGAGCCGGGGT	CAPD1r100_CAGAGCCGGGGT	CAPD1r100	NA	Infection1	d1	CTRL	NA	CTRL_d1_Infection1	Replicative	Non.Committed_Replicative	GSM5916705	Infection1_D1_Inf_100	NextSeq 500	11	8ad4471a1284a21e11672c19aad0c2020ecd1e41359e36ae3dbb01826b7e8fa7	SRR18134228	1262	114	104
D1SEQ100_GTAACATTCTTA.1	D1SEQ100_GTAACATTCTTA	CAPD1r100_GTAACATTCTTA	CAPD1r100	NA	Infection1	d1	CTRL	NA	CTRL_d1_Infection1	Replicative	Non.Committed_Replicative	GSM5916705	Infection1_D1_Inf_100	NextSeq 500	12	1444427a7515b86d117bc1e8908823881f4b22107367e87e72ffcd65844c61a3	SRR18134228	1266	108	105
D5SEQ50_CAAAGGATGTCG.1	D5SEQ50_CAAAGGATGTCG	CAPD5r50_CAAAGGATGTCG	CAPD5r50	NA	Infection1	d5	CTRL	NA	CTRL_d5_Infection1	Replicative	Non.Committed_Replicative	GSM5916706	Infection1_D5_Inf_50	NextSeq 500	1	3a0bf408197398ab20a084f2f41487224cebab32c202f0348f8c52d2b1e026ab	SRR18134229	1267	336	209
D5SEQ100_TCTTCGAGATCC.1	D5SEQ100_TCTTCGAGATCC	CAPD5r100_TCTTCGAGATCC	CAPD5r100	NA	Infection1	d5	CTRL	NA	CTRL_d5_Infection1	Replicative	Non.Committed_Replicative	GSM5916707	Infection1_D5_Inf_100	NextSeq 500	3	27cc3216cc9b5ae51227abcaf8650d126d25ad3e1c8213536c419f6fbc4bc3c5	SRR18134230	1268	692	254
D11SEQ100_ATCTCGCAGCGA.1	D11SEQ100_ATCTCGCAGCGA	CAPD11r100_ATCTCGCAGCGA	CAPD11r100	NA	Infection1	d11	CTRL	NA	CTRL_d11_Infection1	Replicative	Non.Committed_Replicative	GSM5916711	Infection1_D11_Inf_100	NextSeq 500	2	1cedbeae36907dd869cb127ef1843705aeb29ffc058c3272bcce25556aa6fe58	SRR18134234	1269	100	40
D14SEQ100_TCCGCGAGTAAG.1	D14SEQ100_TCCGCGAGTAAG	CAPD14r100_TCCGCGAGTAAG	CAPD14r100	NA	Infection1	d14	CTRL	NA	CTRL_d14_Infection1	Replicative	Non.Committed_Replicative	GSM5916713	Infection1_D14_Inf_100	NextSeq 500	13	7e6a90a6abf625feb721689ceadc7b7a6d718f9aaf2141cd3ecf3eb8c73b79e7	SRR18134236	1270	332	281
D4Seq1_GCTGAATTTCGG	D4Seq1_GCTGAATTTCGG	SEQ4r1_GCTGAATTTCGG	SEQ4r1	SEQ4r1	Infection2	d4	CTRL	Infection2_d4	CTRL_d4_Infection2	Replicative	Non.Committed_Replicative	GSM5916726	Infection2_D4_SEQ1	Illumina NovaSeq 6000	14	a9a17cf1d7aac8c921a1ed7a1a1e01ea9ca074e76e98c8f9301916fe5d11d0ac	SRR18134251;SRR18134252	1470	620	405
D4Seq1_GCTGAATTTCGG.1	D4Seq1_GCTGAATTTCGG	SEQ4r1_GCTGAATTTCGG	SEQ4r1	NA	Infection2	d4	CTRL	NA	CTRL_d4_Infection2	Replicative	Non.Committed_Replicative	GSM5916726	Infection2_D4_SEQ1	Illumina NovaSeq 6000	14	a9a17cf1d7aac8c921a1ed7a1a1e01ea9ca074e76e98c8f9301916fe5d11d0ac	SRR18134251;SRR18134252	1492	620	405
D5Seq1_CCCCGATTGACG	D5Seq1_CCCCGATTGACG	SEQ5r1_CCCCGATTGACG	SEQ5r1	NA	Infection2	d5	CTRL	NA	CTRL_d5_Infection2	Hypnozoite	Non.Committed_Hypnozoite	GSM5916730	Infection2_D5_SEQ1	Illumina NovaSeq 6000	15	967de4ba078589940e7bdfca491b357abdcd125fa98f58c7327d7a07426c5c03	SRR18134257;SRR18134258	1493	581	393
D5Seq2_CCCCGATTGACG	D5Seq2_CCCCGATTGACG	SEQ5r2_CCCCGATTGACG	SEQ5r2	NA	Infection2	d5	CTRL	NA	CTRL_d5_Infection2	Hypnozoite	Non.Committed_Hypnozoite	GSM5916731	Infection2_D5_SEQ2	Illumina NovaSeq 6000	15	967de4ba078589940e7bdfca491b357abdcd125fa98f58c7327d7a07426c5c03	SRR18134259;SRR18134260	1494	581	393
