source_cell_id	tableS2_pv_rows	tableS2_host_rows	host_matches
D5SEQ50_CAAAGGATGTCG	23;1153		0
D11SEQ100_ATCTCGCAGCGA	6;103		0
D5SEQ100_TCTTCGAGATCC	22;1085		0
D1SEQ100_GGTGCCCGGGGG	15;904		0
D1SEQ100_ACTCATGAAACG	8;796		0
D1SEQ100_CCGTCGCTAACA	11;838		0
D1SEQ100_TGTGCTGAGTGA	20;963		0
D1SEQ100_TTAGCCAAGGAT	21;965		0
D1SEQ100_TGCCAGTTTCCA	19;950		0
D1SEQ100_GGAATCACCACA	14;892		0
D1SEQ100_CAGAGCCGGGGT	10;825		0
D1SEQ100_GTAACATTCTTA	16;908		0
D14SEQ100_TCCGCGAGTAAG	7;757		0
D1SEQ100_GGTGCCCGGGGG.1	15;904		0
D1SEQ100_ACTCATGAAACG.1	8;796		0
D1SEQ100_CCGTCGCTAACA.1	11;838		0
D1SEQ100_TGTGCTGAGTGA.1	20;963		0
D1SEQ100_TTAGCCAAGGAT.1	21;965		0
D1SEQ100_TGCCAGTTTCCA.1	19;950		0
D1SEQ100_GGAATCACCACA.1	14;892		0
D1SEQ100_CAGAGCCGGGGT.1	10;825		0
D1SEQ100_GTAACATTCTTA.1	16;908		0
D5SEQ50_CAAAGGATGTCG.1	23;1153		0
D5SEQ100_TCTTCGAGATCC.1	22;1085		0
D11SEQ100_ATCTCGCAGCGA.1	6;103		0
D14SEQ100_TCCGCGAGTAAG.1	7;757		0
D4Seq1_GCTGAATTTCGG	3;1393		0
D4Seq1_GCTGAATTTCGG.1	3;1393		0
D5Seq1_CCCCGATTGACG	4		0
D5Seq2_CCCCGATTGACG	5		0
