group	cell1	cell2	position1	position2	different_metadata
1	D5SEQ50_CAAAGGATGTCG	D5SEQ50_CAAAGGATGTCG.1	31	1267	pct_PVP;RNA_snn_res.0.8;integrated_snn_res.0.8;orig.ident1;pseudotime;cluster_post_harmony;cluster_integrated;integrated_Snn_res.0.8_original;integrated_snn_res.0.6;integrated_snn_res.0.056;integrated_snn_res.0.7;pseudotime_scan;pt_scan_subclust;pseudotime_scan_2K;integrated_snn_res.1;integrated_snn_res.0.9;integrated_snn_res.1.1;integrated_snn_res.1.2;integrated_snn_res.1.3;integrated_snn_res.1.4;integrated_snn_res.2;integrated_snn_res.3;integrated_snn_res.4;Mean;sample.day;nCount_hs;nCount_mm;nCount_RNA_PVP;nFeature_hs;nFeature_mm;nFeature_pviv;PVP_fract;ident
2	D11SEQ100_ATCTCGCAGCGA	D11SEQ100_ATCTCGCAGCGA.1	332	1269	pct_PVP;RNA_snn_res.0.8;integrated_snn_res.0.8;orig.ident1;pseudotime;cluster_post_harmony;cluster_integrated;integrated_Snn_res.0.8_original;integrated_snn_res.0.6;integrated_snn_res.0.056;integrated_snn_res.0.7;pseudotime_scan;pt_scan_subclust;pseudotime_scan_2K;integrated_snn_res.1;integrated_snn_res.0.9;integrated_snn_res.1.1;integrated_snn_res.1.2;integrated_snn_res.1.3;integrated_snn_res.1.4;integrated_snn_res.2;integrated_snn_res.3;integrated_snn_res.4;Mean;sample.day;nCount_hs;nCount_mm;nCount_RNA_PVP;nFeature_hs;nFeature_mm;nFeature_pviv;PVP_fract;ident
3	D5SEQ100_TCTTCGAGATCC	D5SEQ100_TCTTCGAGATCC.1	503	1268	pct_PVP;RNA_snn_res.0.8;integrated_snn_res.0.8;orig.ident1;pseudotime;cluster_post_harmony;cluster_integrated;integrated_Snn_res.0.8_original;integrated_snn_res.0.6;integrated_snn_res.0.056;integrated_snn_res.0.7;pseudotime_scan;pt_scan_subclust;pseudotime_scan_2K;integrated_snn_res.1;integrated_snn_res.0.9;integrated_snn_res.1.1;integrated_snn_res.1.2;integrated_snn_res.1.3;integrated_snn_res.1.4;integrated_snn_res.2;integrated_snn_res.3;integrated_snn_res.4;Mean;sample.day;nCount_hs;nCount_mm;nCount_RNA_PVP;nFeature_hs;nFeature_mm;nFeature_pviv;PVP_fract;ident
4	D1SEQ100_GGTGCCCGGGGG	D1SEQ100_GGTGCCCGGGGG.1	688	1253	pct_PVP;RNA_snn_res.0.8;integrated_snn_res.0.8;orig.ident1;pseudotime;cluster_post_harmony;cluster_integrated;integrated_Snn_res.0.8_original;integrated_snn_res.0.6;integrated_snn_res.0.056;integrated_snn_res.0.7;pseudotime_scan;pt_scan_subclust;pseudotime_scan_2K;integrated_snn_res.1;integrated_snn_res.0.9;integrated_snn_res.1.1;integrated_snn_res.1.2;integrated_snn_res.1.3;integrated_snn_res.1.4;integrated_snn_res.2;integrated_snn_res.3;integrated_snn_res.4;Mean;sample.day;nCount_hs;nCount_mm;nCount_RNA_PVP;nFeature_hs;nFeature_mm;nFeature_pviv;PVP_fract;ident
5	D1SEQ100_ACTCATGAAACG	D1SEQ100_ACTCATGAAACG.1	695	1254	pct_PVP;RNA_snn_res.0.8;integrated_snn_res.0.8;orig.ident1;pseudotime;cluster_post_harmony;cluster_integrated;integrated_Snn_res.0.8_original;integrated_snn_res.0.6;integrated_snn_res.0.056;integrated_snn_res.0.7;pseudotime_scan;pt_scan_subclust;pseudotime_scan_2K;integrated_snn_res.1;integrated_snn_res.0.9;integrated_snn_res.1.1;integrated_snn_res.1.2;integrated_snn_res.1.3;integrated_snn_res.1.4;integrated_snn_res.2;integrated_snn_res.3;integrated_snn_res.4;Mean;sample.day;nCount_hs;nCount_mm;nCount_RNA_PVP;nFeature_hs;nFeature_mm;nFeature_pviv;PVP_fract;ident
6	D1SEQ100_CCGTCGCTAACA	D1SEQ100_CCGTCGCTAACA.1	696	1255	pct_PVP;RNA_snn_res.0.8;integrated_snn_res.0.8;orig.ident1;pseudotime;cluster_post_harmony;cluster_integrated;integrated_Snn_res.0.8_original;integrated_snn_res.0.6;integrated_snn_res.0.056;integrated_snn_res.0.7;pseudotime_scan;pt_scan_subclust;pseudotime_scan_2K;integrated_snn_res.1;integrated_snn_res.0.9;integrated_snn_res.1.1;integrated_snn_res.1.2;integrated_snn_res.1.3;integrated_snn_res.1.4;integrated_snn_res.2;integrated_snn_res.3;integrated_snn_res.4;Mean;sample.day;nCount_hs;nCount_mm;nCount_RNA_PVP;nFeature_hs;nFeature_mm;nFeature_pviv;PVP_fract;ident
7	D1SEQ100_TGTGCTGAGTGA	D1SEQ100_TGTGCTGAGTGA.1	700	1257	pct_PVP;RNA_snn_res.0.8;integrated_snn_res.0.8;orig.ident1;pseudotime;cluster_post_harmony;cluster_integrated;integrated_Snn_res.0.8_original;integrated_snn_res.0.6;integrated_snn_res.0.056;integrated_snn_res.0.7;pseudotime_scan;pt_scan_subclust;pseudotime_scan_2K;integrated_snn_res.1;integrated_snn_res.0.9;integrated_snn_res.1.1;integrated_snn_res.1.2;integrated_snn_res.1.3;integrated_snn_res.1.4;integrated_snn_res.2;integrated_snn_res.3;integrated_snn_res.4;Mean;sample.day;nCount_hs;nCount_mm;nCount_RNA_PVP;nFeature_hs;nFeature_mm;nFeature_pviv;PVP_fract;ident
8	D1SEQ100_TTAGCCAAGGAT	D1SEQ100_TTAGCCAAGGAT.1	707	1258	pct_PVP;RNA_snn_res.0.8;integrated_snn_res.0.8;orig.ident1;pseudotime;cluster_post_harmony;cluster_integrated;integrated_Snn_res.0.8_original;integrated_snn_res.0.6;integrated_snn_res.0.056;integrated_snn_res.0.7;pseudotime_scan;pt_scan_subclust;pseudotime_scan_2K;integrated_snn_res.1;integrated_snn_res.0.9;integrated_snn_res.1.1;integrated_snn_res.1.2;integrated_snn_res.1.3;integrated_snn_res.1.4;integrated_snn_res.2;integrated_snn_res.3;integrated_snn_res.4;Mean;sample.day;nCount_hs;nCount_mm;nCount_RNA_PVP;nFeature_hs;nFeature_mm;nFeature_pviv;PVP_fract;ident
9	D1SEQ100_TGCCAGTTTCCA	D1SEQ100_TGCCAGTTTCCA.1	725	1259	pct_PVP;RNA_snn_res.0.8;integrated_snn_res.0.8;orig.ident1;pseudotime;cluster_post_harmony;cluster_integrated;integrated_Snn_res.0.8_original;integrated_snn_res.0.6;integrated_snn_res.0.056;integrated_snn_res.0.7;pseudotime_scan;pt_scan_subclust;pseudotime_scan_2K;integrated_snn_res.1;integrated_snn_res.0.9;integrated_snn_res.1.1;integrated_snn_res.1.2;integrated_snn_res.1.3;integrated_snn_res.1.4;integrated_snn_res.2;integrated_snn_res.3;integrated_snn_res.4;Mean;sample.day;nCount_hs;nCount_mm;nCount_RNA_PVP;nFeature_hs;nFeature_mm;nFeature_pviv;PVP_fract;ident
10	D1SEQ100_GGAATCACCACA	D1SEQ100_GGAATCACCACA.1	780	1261	pct_PVP;RNA_snn_res.0.8;integrated_snn_res.0.8;orig.ident1;pseudotime;cluster_post_harmony;cluster_integrated;integrated_Snn_res.0.8_original;integrated_snn_res.0.6;integrated_snn_res.0.056;integrated_snn_res.0.7;pseudotime_scan;pt_scan_subclust;pseudotime_scan_2K;integrated_snn_res.1;integrated_snn_res.0.9;integrated_snn_res.1.1;integrated_snn_res.1.2;integrated_snn_res.1.3;integrated_snn_res.1.4;integrated_snn_res.2;integrated_snn_res.3;integrated_snn_res.4;Mean;sample.day;nCount_hs;nCount_mm;nCount_RNA_PVP;nFeature_hs;nFeature_mm;nFeature_pviv;PVP_fract;ident
11	D1SEQ100_CAGAGCCGGGGT	D1SEQ100_CAGAGCCGGGGT.1	783	1262	pct_PVP;RNA_snn_res.0.8;integrated_snn_res.0.8;orig.ident1;pseudotime;cluster_post_harmony;cluster_integrated;integrated_Snn_res.0.8_original;integrated_snn_res.0.6;integrated_snn_res.0.056;integrated_snn_res.0.7;pseudotime_scan;pt_scan_subclust;pseudotime_scan_2K;integrated_snn_res.1;integrated_snn_res.0.9;integrated_snn_res.1.1;integrated_snn_res.1.2;integrated_snn_res.1.3;integrated_snn_res.1.4;integrated_snn_res.2;integrated_snn_res.3;integrated_snn_res.4;Mean;sample.day;nCount_hs;nCount_mm;nCount_RNA_PVP;nFeature_hs;nFeature_mm;nFeature_pviv;PVP_fract;ident
12	D1SEQ100_GTAACATTCTTA	D1SEQ100_GTAACATTCTTA.1	859	1266	pct_PVP;RNA_snn_res.0.8;integrated_snn_res.0.8;orig.ident1;pseudotime;cluster_post_harmony;cluster_integrated;integrated_Snn_res.0.8_original;integrated_snn_res.0.6;integrated_snn_res.0.056;integrated_snn_res.0.7;pseudotime_scan;pt_scan_subclust;pseudotime_scan_2K;integrated_snn_res.1;integrated_snn_res.0.9;integrated_snn_res.1.1;integrated_snn_res.1.2;integrated_snn_res.1.3;integrated_snn_res.1.4;integrated_snn_res.2;integrated_snn_res.3;integrated_snn_res.4;Mean;sample.day;nCount_hs;nCount_mm;nCount_RNA_PVP;nFeature_hs;nFeature_mm;nFeature_pviv;PVP_fract;ident
13	D14SEQ100_TCCGCGAGTAAG	D14SEQ100_TCCGCGAGTAAG.1	1120	1270	pct_PVP;integrated_snn_res.0.8;orig.ident1;pseudotime;cluster_post_harmony;cluster_integrated;integrated_Snn_res.0.8_original;integrated_snn_res.0.6;integrated_snn_res.0.056;integrated_snn_res.0.7;pseudotime_scan;pt_scan_subclust;pseudotime_scan_2K;integrated_snn_res.1;integrated_snn_res.0.9;integrated_snn_res.1.1;integrated_snn_res.1.2;integrated_snn_res.1.3;integrated_snn_res.1.4;integrated_snn_res.2;integrated_snn_res.3;integrated_snn_res.4;Mean;sample.day;nCount_hs;nCount_mm;nCount_RNA_PVP;nFeature_hs;nFeature_mm;nFeature_pviv;PVP_fract;ident
14	D4Seq1_GCTGAATTTCGG	D4Seq1_GCTGAATTTCGG.1	1470	1492	pct_PVP;RNA_snn_res.0.8;integrated_snn_res.0.8;orig.ident1;pseudotime;cluster_post_harmony;cluster_integrated;integrated_Snn_res.0.8_original;integrated_snn_res.0.6;integrated_snn_res.0.056;integrated_snn_res.0.7;pseudotime_scan;pt_scan_subclust;pseudotime_scan_2K;integrated_snn_res.1;integrated_snn_res.0.9;integrated_snn_res.1.1;integrated_snn_res.1.2;integrated_snn_res.1.3;integrated_snn_res.1.4;integrated_snn_res.2;integrated_snn_res.3;integrated_snn_res.4;Mean;sample.day;nCount_hs;nCount_mm;nCount_RNA_PVP;nFeature_hs;nFeature_mm;nFeature_pviv;PVP_fract;ident
15	D5Seq1_CCCCGATTGACG	D5Seq2_CCCCGATTGACG	1493	1494	orig.ident
