cell	base	identical_rna_counts
D1SEQ100_GGTGCCCGGGGG.1	D1SEQ100_GGTGCCCGGGGG	TRUE
D1SEQ100_ACTCATGAAACG.1	D1SEQ100_ACTCATGAAACG	TRUE
D1SEQ100_CCGTCGCTAACA.1	D1SEQ100_CCGTCGCTAACA	TRUE
D1SEQ100_TGTGCTGAGTGA.1	D1SEQ100_TGTGCTGAGTGA	TRUE
D1SEQ100_TTAGCCAAGGAT.1	D1SEQ100_TTAGCCAAGGAT	TRUE
D1SEQ100_TGCCAGTTTCCA.1	D1SEQ100_TGCCAGTTTCCA	TRUE
D1SEQ100_GGAATCACCACA.1	D1SEQ100_GGAATCACCACA	TRUE
D1SEQ100_CAGAGCCGGGGT.1	D1SEQ100_CAGAGCCGGGGT	TRUE
D1SEQ100_GTAACATTCTTA.1	D1SEQ100_GTAACATTCTTA	TRUE
D5SEQ50_CAAAGGATGTCG.1	D5SEQ50_CAAAGGATGTCG	TRUE
D5SEQ100_TCTTCGAGATCC.1	D5SEQ100_TCTTCGAGATCC	TRUE
D11SEQ100_ATCTCGCAGCGA.1	D11SEQ100_ATCTCGCAGCGA	TRUE
D14SEQ100_TCCGCGAGTAAG.1	D14SEQ100_TCCGCGAGTAAG	TRUE
D4Seq1_GCTGAATTTCGG.1	D4Seq1_GCTGAATTTCGG	TRUE
