run_id	experiment_accession	sample_accession	sample_alias	scientific_name	instrument_model	deposited	imported_by_plavisca_chunk	retained_by_plavisca	retained_cells
SRR27021952	SRX22714379	SAMN38578469	Illumina_5309_AS3	Plasmodium vivax	Illumina NovaSeq 6000	TRUE	FALSE	FALSE	0
SRR27021953	SRX22714378	SAMN38578468	Illumina_5309_AS2	Plasmodium vivax	Illumina NovaSeq 6000	TRUE	FALSE	FALSE	0
SRR27021954	SRX22714377	SAMN38578467	Illumina_5309_AS1	Plasmodium vivax	Illumina NovaSeq 6000	TRUE	FALSE	FALSE	0
SRR27021955	SRX22714376	SAMN38578466	Illumina_5309_2	Plasmodium vivax	Illumina NovaSeq 6000	TRUE	TRUE	TRUE	2403
SRR27021956	SRX22714375	SAMN38578465	Illumina_5309_1	Plasmodium vivax	Illumina NovaSeq 6000	TRUE	TRUE	TRUE	3242
SRR27021957	SRX22714374	SAMN38578502	WGS_NIH	Plasmodium vivax	Illumina NovaSeq 6000	TRUE	FALSE	FALSE	0
SRR27021958	SRX22714373	SAMN38578501	WGS_Chesson	Plasmodium vivax	Illumina NovaSeq 6000	TRUE	FALSE	FALSE	0
SRR27021959	SRX22714372	SAMN38578500	Illumina_SPZ_5736_6_24_An_steph	Plasmodium vivax	Illumina NovaSeq 6000	TRUE	TRUE	FALSE	0
SRR27021960	SRX22714371	SAMN38578464	Illumina_5708_4	Plasmodium vivax	Illumina NovaSeq 6000	TRUE	TRUE	TRUE	4028
SRR27021961	SRX22714370	SAMN38578499	Illumina_SPZ_5164_6_22_An_steph	Plasmodium vivax	Illumina NovaSeq 6000	TRUE	TRUE	FALSE	0
SRR27021962	SRX22714369	SAMN38578498	Illumina_SPZ_5164_6_21_A_An_steph	Plasmodium vivax	Illumina NovaSeq 6000	TRUE	TRUE	FALSE	0
SRR27021963	SRX22714368	SAMN38578497	Illumina_SPZ_5736_6_25_An_steph	Plasmodium vivax	Illumina NovaSeq 6000	TRUE	TRUE	FALSE	0
SRR27021964	SRX22714367	SAMN38578496	Illumina_SPZ_5164_6_22_An_free	Plasmodium vivax	Illumina NovaSeq 6000	TRUE	TRUE	FALSE	0
SRR27021965	SRX22714366	SAMN38578495	Illumina_SPZ_5736_6_25_An_free	Plasmodium vivax	Illumina NovaSeq 6000	TRUE	TRUE	FALSE	0
SRR27021966	SRX22714365	SAMN38578494	Illumina_5370_3	Plasmodium vivax	Illumina NovaSeq 6000	TRUE	TRUE	TRUE	774
SRR27021967	SRX22714364	SAMN38578493	Illumina_5370_2	Plasmodium vivax	Illumina NovaSeq 6000	TRUE	TRUE	TRUE	1064
SRR27021968	SRX22714363	SAMN38578492	Illumina_5370_1	Plasmodium vivax	Illumina NovaSeq 6000	TRUE	TRUE	TRUE	1181
SRR27021969	SRX22714362	SAMN38578491	Illumina_5350_3	Plasmodium vivax	Illumina NovaSeq 6000	TRUE	TRUE	TRUE	1738
SRR27021970	SRX22714361	SAMN38578490	Illumina_5350_2	Plasmodium vivax	Illumina NovaSeq 6000	TRUE	TRUE	TRUE	3177
SRR27021971	SRX22714360	SAMN38578463	Illumina_5708_3	Plasmodium vivax	Illumina NovaSeq 6000	TRUE	TRUE	TRUE	3517
SRR27021972	SRX22714359	SAMN38578489	Illumina_5350_1	Plasmodium vivax	Illumina NovaSeq 6000	TRUE	TRUE	TRUE	2950
SRR27021973	SRX22714358	SAMN38578488	Illumina_5164_AS3	Plasmodium vivax	Illumina NovaSeq 6000	TRUE	FALSE	FALSE	0
SRR27021974	SRX22714357	SAMN38578487	Illumina_5164_AS2	Plasmodium vivax	Illumina NovaSeq 6000	TRUE	FALSE	FALSE	0
SRR27021975	SRX22714356	SAMN38578486	Illumina_5164_2	Plasmodium vivax	Illumina NovaSeq 6000	TRUE	TRUE	TRUE	1832
SRR27021976	SRX22714355	SAMN38578485	Illumina_5164_1	Plasmodium vivax	Illumina NovaSeq 6000	TRUE	TRUE	TRUE	3881
SRR27021977	SRX22714354	SAMN38578484	Illumina_5163_AS4	Plasmodium vivax	Illumina NovaSeq 6000	TRUE	FALSE	FALSE	0
SRR27021978	SRX22714353	SAMN38578483	Illumina_5163_AS2	Plasmodium vivax	Illumina NovaSeq 6000	TRUE	FALSE	FALSE	0
SRR27021979	SRX22714352	SAMN38578482	Illumina_5163_AS1	Plasmodium vivax	Illumina NovaSeq 6000	TRUE	FALSE	FALSE	0
SRR27021980	SRX22714351	SAMN38578481	Illumina_5163_2	Plasmodium vivax	Illumina NovaSeq 6000	TRUE	TRUE	TRUE	1836
SRR27021981	SRX22714350	SAMN38578480	Illumina_5163_1	Plasmodium vivax	Illumina NovaSeq 6000	TRUE	TRUE	TRUE	4166
SRR27021982	SRX22714349	SAMN38578462	Illumina_5708_2	Plasmodium vivax	Illumina NovaSeq 6000	TRUE	TRUE	TRUE	628
SRR27021983	SRX22714348	SAMN38578479	Illumina_5550_1	Plasmodium vivax	Illumina NovaSeq 6000	TRUE	TRUE	TRUE	1971
SRR27021984	SRX22714347	SAMN38578478	Illumina_5537_4	Plasmodium vivax	Illumina NovaSeq 6000	TRUE	TRUE	TRUE	4841
SRR27021985	SRX22714346	SAMN38578477	Illumina_5537_3	Plasmodium vivax	Illumina NovaSeq 6000	TRUE	TRUE	TRUE	1783
SRR27021986	SRX22714345	SAMN38578476	Illumina_5537_2	Plasmodium vivax	Illumina NovaSeq 6000	TRUE	TRUE	TRUE	3489
SRR27021987	SRX22714344	SAMN38578475	Illumina_5537_1	Plasmodium vivax	Illumina NovaSeq 6000	TRUE	TRUE	TRUE	6065
SRR27021988	SRX22714343	SAMN38578474	Illumina_5142_AS3	Plasmodium vivax	Illumina NovaSeq 6000	TRUE	FALSE	FALSE	0
SRR27021989	SRX22714342	SAMN38578473	Illumina_5142_AS2	Plasmodium vivax	Illumina NovaSeq 6000	TRUE	FALSE	FALSE	0
SRR27021990	SRX22714341	SAMN38578472	Illumina_5142_AS1	Plasmodium vivax	Illumina NovaSeq 6000	TRUE	FALSE	FALSE	0
SRR27021991	SRX22714340	SAMN38578471	Illumina_5142_2	Plasmodium vivax	Illumina NovaSeq 6000	TRUE	TRUE	TRUE	2627
SRR27021992	SRX22714339	SAMN38578470	Illumina_5142_1	Plasmodium vivax	Illumina NovaSeq 6000	TRUE	TRUE	TRUE	5629
SRR27021993	SRX22714338	SAMN38578461	Illumina_5708_1	Plasmodium vivax	Illumina NovaSeq 6000	TRUE	TRUE	TRUE	16321
SRR27021994	SRX22714337	SAMN38578460	Illumina_4881_1	Plasmodium vivax	Illumina NovaSeq 6000	TRUE	TRUE	TRUE	881
