nCount_RNA	nCount_SCT	day	replicate	LiverForm	study_object_umi	study_cell_id
460	647	Nine	2	Hypnozoites	0	609_AAACGCTTCACCTCTG
318	532	Nine	2	Hypnozoites	0	609_ACACGCGGTGCTCTCT
1182	836	Nine	2	Hypnozoites	0	609_ACCCAAAAGGTGATAT
369	616	Nine	2	Hypnozoites	0	609_ACCCTCACAACGATCT
113	449	Nine	2	Hypnozoites	0	609_ACGTTCCTCGCGAAGA
548	705	Nine	2	Hypnozoites	0	609_ACTATGGGTCTCGACG
145	481	Nine	2	Hypnozoites	0	609_ACTGTGAAGTGACACG
1161	814	Nine	2	Hypnozoites	0	609_ACTTAGGAGAAGTCCG
855	719	Nine	2	Hypnozoites	0	609_AGAAATGAGTGCAACG
594	669	Nine	2	Hypnozoites	0	609_AGACAAACAGAGCCCT
147	473	Nine	2	Hypnozoites	0	609_AGACCCGGTTATAGAG
973	752	Nine	2	Hypnozoites	0	609_AGCTACAAGAGCTGCA
305	532	Nine	2	Hypnozoites	0	609_AGTGTTGCACCGTGGT
309	549	Nine	2	Hypnozoites	0	609_ATCACAGGTTTCGTTT
418	628	Nine	2	Hypnozoites	0	609_ATCAGGTAGCCACAAG
105	432	Nine	2	Hypnozoites	0	609_ATCCATTCACCCGTAG
324	549	Nine	2	Hypnozoites	1	609_ATCCCTGAGGTAGATT
400	608	Nine	2	Hypnozoites	0	609_ATCGATGCAGCTGTGC
176	461	Nine	2	Hypnozoites	0	609_ATCGGATGTGGTTTGT
536	688	Nine	2	Hypnozoites	0	609_ATCGGCGAGGATCATA
337	574	Nine	2	Hypnozoites	0	609_ATGGAGGAGGCCACCT
439	619	Nine	2	Hypnozoites	0	609_ATGGAGGTCTATTCGT
444	602	Nine	2	Hypnozoites	0	609_ATGTCCCCACAAAGCG
261	500	Nine	2	Hypnozoites	0	609_CAGGGCTTCATACAGC
148	465	Nine	2	Hypnozoites	0	609_CAGTGCGGTTCCTTGC
264	510	Nine	2	Hypnozoites	0	609_CAGTTCCAGAGTCTTC
362	571	Nine	2	Hypnozoites	0	609_CATGGATGTGTATTGC
476	651	Nine	2	Hypnozoites	0	609_CCTCACACAGCCATTA
162	475	Nine	2	Hypnozoites	0	609_CCTCCTCGTCACGTGC
536	678	Nine	2	Hypnozoites	0	609_CGAGAAGAGGCCATAG
266	528	Nine	2	Hypnozoites	0	609_CGTAATGCACCTGTCT
494	679	Nine	2	Hypnozoites	0	609_CGTAGTAGTTGACGGA
198	494	Nine	2	Hypnozoites	0	609_CGTTAGACAATGGCCC
965	753	Nine	2	Hypnozoites	0	609_CTGTACCGTAACATCC
87	414	Nine	2	Hypnozoites	0	609_CTGTAGATCACGATAC
723	690	Nine	2	Hypnozoites	1	609_GAAATGATCGGATACT
88	425	Nine	2	Hypnozoites	1	609_GACCAATCAAACAGGC
690	680	Nine	2	Hypnozoites	0	609_GACTATGGTGCCGTAC
256	504	Nine	2	Hypnozoites	0	609_GACTTCCGTACTCGTA
287	531	Nine	2	Hypnozoites	0	609_GAGATGGTCCCGAAAT
183	440	Nine	2	Hypnozoites	0	609_GAGGCAAAGATGTAGT
499	661	Nine	2	Hypnozoites	0	609_GATGACTGTACAGCGA
342	517	Nine	2	Hypnozoites	0	609_GATGAGGAGGCCTTCG
574	678	Nine	2	Hypnozoites	0	609_GATTTCTTCACAAGGG
391	591	Nine	2	Hypnozoites	0	609_GATTTCTTCGAGTCTA
123	460	Nine	2	Hypnozoites	0	609_GCGTGCACAGTGACCC
568	708	Nine	2	Hypnozoites	1	609_GCTTCACGTACCGTCG
293	544	Nine	2	Hypnozoites	0	609_GGGACAACAAGCGCTC
93	450	Nine	2	Hypnozoites	0	609_GGGACTCGTCTGTCAA
2406	1124	Nine	2	Hypnozoites	0	609_GGGCTACAGTACAGCG
478	640	Nine	2	Hypnozoites	0	609_GGTTAACTCGCCTCTA
289	526	Nine	2	Hypnozoites	0	609_GTCATCCAGACATCAA
401	622	Nine	2	Hypnozoites	0	609_GTCATGACATCCTATT
111	423	Nine	2	Hypnozoites	0	609_GTGAGGACAAGATGGC
1140	829	Nine	2	Hypnozoites	0	609_GTGCACGTCTCTCTAA
856	703	Nine	2	Hypnozoites	0	609_GTTAGACTCAAGGTGG
1315	877	Nine	2	Hypnozoites	0	609_GTTGCTCGTTAGGACG
145	448	Nine	2	Hypnozoites	0	609_TACACCCGTTACCTGA
7860	1362	Nine	2	Hypnozoites	0	609_TACGCTCAGGGTGAAA
445	660	Nine	2	Hypnozoites	0	609_TAGGTTGGTGACTATC
282	524	Nine	2	Hypnozoites	0	609_TCAAGCAGTGATGTAA
163	471	Nine	2	Hypnozoites	0	609_TCACTATTCGCGTGAC
507	683	Nine	2	Hypnozoites	0	609_TCAGGTATCTCGGTAA
97	441	Nine	2	Hypnozoites	0	609_TCATGTTCATGATAGA
87	397	Nine	2	Hypnozoites	0	609_TCCAGAAAGACTCTTG
412	596	Nine	2	Hypnozoites	0	609_TCCTGCAAGATAGCAT
78	414	Nine	2	Hypnozoites	0	609_TCGATTTAGCGGCTCT
3665	1100	Nine	2	Hypnozoites	0	609_TCTACCGTCCGCGAGT
137	430	Nine	2	Hypnozoites	0	609_TGATGCAAGATTAGAC
567	671	Nine	2	Hypnozoites	0	609_TGATGGTCACAAAGTA
3866	1108	Nine	2	Hypnozoites	0	609_TGCAGATCACAGAAGC
330	560	Nine	2	Hypnozoites	0	609_TGCAGATGTCTACTGA
667	669	Nine	2	Hypnozoites	0	609_TGCGATAAGCGTTCCG
279	526	Nine	2	Hypnozoites	0	609_TGCGGCACACATCCCT
115	450	Nine	2	Hypnozoites	0	609_TGCTTCGGTATCGTTG
1335	803	Nine	2	Hypnozoites	0	609_TGGAGAGGTGCCTTCT
182	498	Nine	2	Hypnozoites	0	609_TGGTACAAGGTTCAGG
206	501	Nine	2	Hypnozoites	0	609_TGTCCCACAGGCGTTC
443	627	Nine	2	Hypnozoites	0	609_TGTGAGTAGTCAGCCC
717	695	Nine	2	Hypnozoites	1	609_TGTTGAGAGTCAACAA
545	671	Nine	2	Hypnozoites	0	609_TTAGGCAGTACGAGTG
162	496	Nine	2	Hypnozoites	1	609_TTAGTCTGTGAGGATC
164	469	Nine	2	Hypnozoites	0	609_TTGGGCGGTTCCGGTG
474	650	Nine	2	Hypnozoites	0	609_TTGGGTACACCTTCGT
1694	1065	Nine	2	Hypnozoites	0	609_TTGTGTTAGCCTGAAG
466	657	Nine	2	Hypnozoites	0	609_TTTCATGAGGTGCATG
599	707	Nine	2	Hypnozoites	0	609_TTTCCTCAGCTCTGTA
199	505	Nine	2	Hypnozoites	0	609_TTTGACTAGTACAACA
249	508	Nine	2	Hypnozoites	0	609_TTTGGAGCAGAACCGA
279	596	Five	2	Hypnozoites	0	610_AAACCCACATACTGTG
623	668	Five	2	Hypnozoites	0	610_AAACGCTCACAGAAGC
862	861	Five	2	Hypnozoites	0	610_AAAGGGCAGGAAAGAC
874	870	Five	2	Hypnozoites	0	610_AAATGGAAGGGTACGT
4530	1024	Five	2	Schizonts	0	610_AACAAAGAGGGTTTCT
476	617	Five	2	Hypnozoites	0	610_AACAAAGTCACGATCA
231	544	Five	2	Hypnozoites	0	610_AACAACCCAAAGGTTA
5182	1105	Five	2	Schizonts	0	610_AACACACCAACGAGGT
521	629	Five	2	Hypnozoites	0	610_AAGACTCGTCGCCACA
954	947	Five	2	Hypnozoites	0	610_AAGACTCTCAAACCCA
103	462	Five	2	Hypnozoites	0	610_AAGCGTTGTCACCGAC
888	887	Five	2	Hypnozoites	0	610_AAGTTCGAGGTTCATC
325	652	Five	2	Hypnozoites	0	610_AAGTTCGCACATCCCT
1148	1090	Five	2	Hypnozoites	0	610_AATAGAGCACTTGAAC
491	612	Five	2	Hypnozoites	0	610_AATCGTGCAACAGAGC
1546	1188	Five	2	Hypnozoites	0	610_AATCGTGCAGGCTATT
271	588	Five	2	Hypnozoites	0	610_AATCGTGGTCCAACGC
446	610	Five	2	Hypnozoites	0	610_AATTCCTTCCATTTAC
858	855	Five	2	Hypnozoites	0	610_ACAAAGATCCCTGGTT
1243	1116	Five	2	Hypnozoites	0	610_ACAAGCTCATCATTTC
14458	1142	Five	2	Schizonts	0	610_ACACGCGGTGAGGATC
986	974	Five	2	Hypnozoites	0	610_ACAGAAATCGCGGTAC
213	518	Five	2	Hypnozoites	0	610_ACAGGGACAGGAATCG
1863	1273	Five	2	Hypnozoites	1	610_ACATCGAGTGGAACCA
170	491	Five	2	Hypnozoites	0	610_ACATTTCCAGCGTGCT
82	431	Five	2	Hypnozoites	0	610_ACCAAACTCTGCGGAC
314	635	Five	2	Hypnozoites	0	610_ACCAACAAGCATGAAT
1787	1246	Five	2	Schizonts	0	610_ACCACAAGTGAATGTA
118	477	Five	2	Hypnozoites	0	610_ACCCTCAAGGGCAATC
2996	1011	Five	2	Schizonts	0	610_ACCGTTCTCTTAGCCC
1239	1127	Five	2	Hypnozoites	0	610_ACCTGTCTCACAGTGT
249	563	Five	2	Hypnozoites	0	610_ACGCACGCACGGCGTT
3480	957	Five	2	Schizonts	0	610_ACGGGTCCAGTTCACA
3358	950	Five	2	Schizonts	0	610_ACGGGTCGTTCAGTAC
94	443	Five	2	Hypnozoites	0	610_ACGGTCGCATAGCACT
145	492	Five	2	Hypnozoites	0	610_ACGGTCGTCGTGTCAA
1375	1180	Five	2	Hypnozoites	0	610_ACGTACACAACCGCTG
2679	1058	Five	2	Schizonts	0	610_ACGTACAGTTATAGAG
1754	1273	Five	2	Hypnozoites	0	610_ACTATCTTCATTTCGT
1408	1133	Five	2	Schizonts	0	610_ACTCTCGTCACTACGA
2834	1104	Five	2	Hypnozoites	0	610_ACTGATGTCTGACCCT
571	656	Five	2	Hypnozoites	0	610_ACTGCAATCAGAGTGG
447	591	Five	2	Hypnozoites	0	610_ACTGTCCGTGCACGCT
341	681	Five	2	Hypnozoites	0	610_ACTTAGGCACTTCAGA
173	491	Five	2	Hypnozoites	0	610_ACTTATCCAAATCAGA
382	696	Five	2	Hypnozoites	0	610_ACTTATCTCTAGGCAT
1746	1247	Five	2	Schizonts	0	610_ACTTATCTCTGTAAGC
1306	1160	Five	2	Schizonts	0	610_ACTTCCGAGCGGACAT
150	480	Five	2	Hypnozoites	0	610_ACTTCGCCAACATACC
118	475	Five	2	Hypnozoites	0	610_ACTTTCAGTCAACCTA
3874	961	Five	2	Schizonts	0	610_ACTTTCAGTTGGCCGT
1237	1137	Five	2	Hypnozoites	0	610_AGAACAATCGAGAAGC
6292	1122	Five	2	Schizonts	0	610_AGACAAACAGTCTCTC
2338	1242	Five	2	Hypnozoites	0	610_AGAGAATCATACAGCT
1607	1204	Five	2	Hypnozoites	0	610_AGATGAAAGAGGCCAT
1482	1194	Five	2	Hypnozoites	0	610_AGATGCTAGGTACTGG
1111	1075	Five	2	Hypnozoites	0	610_AGCATCAAGTACAGCG
437	643	Five	2	Hypnozoites	0	610_AGCCAATCAGTTGTCA
911	907	Five	2	Hypnozoites	0	610_AGCGCTGCAACGGGTA
2758	1002	Five	2	Schizonts	0	610_AGCGCTGCAGCTAACT
737	735	Five	2	Hypnozoites	0	610_AGCGTATTCGTAGTCA
542	640	Five	2	Hypnozoites	0	610_AGCGTCGAGCACTTTG
593	650	Five	2	Hypnozoites	0	610_AGCTACATCTAGAGCT
292	609	Five	2	Hypnozoites	0	610_AGCTCAAGTGCCGTTG
1810	1232	Five	2	Schizonts	0	610_AGCTTCCTCTTTGATC
248	562	Five	2	Hypnozoites	0	610_AGGACGACAAGTATAG
4107	981	Five	2	Hypnozoites	0	610_AGGACGAGTTTCGACA
351	673	Five	2	Hypnozoites	0	610_AGGATAATCTAGCAAC
1271	1158	Five	2	Hypnozoites	0	610_AGGATCTAGCACGATG
348	686	Five	2	Hypnozoites	0	610_AGGATCTGTACCGTCG
1370	1191	Five	2	Hypnozoites	0	610_AGGGAGTCAGTTTCGA
503	610	Five	2	Hypnozoites	0	610_AGGGCTCTCAGCAATC
8479	1133	Five	2	Schizonts	0	610_AGGGTCCAGAAATTGC
126	493	Five	2	Hypnozoites	0	610_AGGGTCCAGTCTCGTA
523	626	Five	2	Hypnozoites	0	610_AGGGTCCTCTACACTT
9146	1144	Five	2	Schizonts	0	610_AGGTCATCACATCATG
10723	1144	Five	2	Schizonts	0	610_AGGTCTAGTGTCATCA
75	431	Five	2	Hypnozoites	0	610_AGGTCTAGTTGTGTAC
392	689	Five	2	Hypnozoites	0	610_AGGTTACCACCCTTGT
975	969	Five	2	Hypnozoites	0	610_AGGTTGTGTTAGCGGA
762	769	Five	2	Hypnozoites	0	610_AGTACTGAGTACCATC
1685	1228	Five	2	Hypnozoites	0	610_AGTAGCTTCTATACGG
403	673	Five	2	Hypnozoites	0	610_AGTGACTGTTTACTTC
232	542	Five	2	Hypnozoites	0	610_AGTGTTGAGCCGTAAG
666	688	Five	2	Hypnozoites	0	610_AGTTCCCCAAACGAGC
970	959	Five	2	Hypnozoites	0	610_AGTTCCCGTACCCGAC
626	676	Five	2	Hypnozoites	0	610_ATAGACCAGAGAGAAC
497	615	Five	2	Hypnozoites	0	610_ATAGACCTCTGAGGCC
952	947	Five	2	Hypnozoites	0	610_ATCACGAGTTACGCCG
487	618	Five	2	Hypnozoites	0	610_ATCATTCGTGTGTACT
6461	1127	Five	2	Schizonts	0	610_ATCCACCCAATGAAAC
510	632	Five	2	Hypnozoites	0	610_ATCCCTGGTTCGTGCG
245	556	Five	2	Hypnozoites	0	610_ATCCGTCAGGACGCTA
1287	1155	Five	2	Hypnozoites	0	610_ATCCGTCCACTTCTCG
450	633	Five	2	Hypnozoites	0	610_ATCCTATGTCGTTGGC
620	667	Five	2	Hypnozoites	0	610_ATCGATGTCTGAGCAT
1368	1183	Five	2	Hypnozoites	0	610_ATCGCCTCAGTCCGTG
185	494	Five	2	Hypnozoites	0	610_ATCGGCGCAATCTCTT
446	607	Five	2	Hypnozoites	0	610_ATCGTCCTCCTAGAGT
5615	1229	Five	2	Schizonts	0	610_ATCTCTACAGCGTTTA
652	677	Five	2	Hypnozoites	0	610_ATGAAAGGTGGGATTG
7329	1118	Five	2	Schizonts	0	610_ATGCATGGTGTCTTAG
993	981	Five	2	Hypnozoites	0	610_ATGGGTTGTACATACC
174	490	Five	2	Hypnozoites	0	610_ATGGTTGAGCATCCCG
482	601	Five	2	Hypnozoites	0	610_ATGTCTTTCAGCGGAA
214	529	Five	2	Hypnozoites	0	610_ATTACCTTCCGTCAAA
2097	1319	Five	2	Hypnozoites	1	610_ATTACTCTCCAAGCTA
2322	1214	Five	2	Schizonts	0	610_ATTCACTAGAATGTTG
1358	1168	Five	2	Hypnozoites	0	610_ATTCAGGTCAACACGT
5075	1076	Five	2	Schizonts	0	610_ATTCATCAGTCAGAGC
1035	1019	Five	2	Hypnozoites	0	610_ATTCTACTCACCTGGG
819	816	Five	2	Hypnozoites	0	610_ATTGTTCTCGGTCGGT
574	652	Five	2	Hypnozoites	0	610_ATTTACCAGTCGGGAT
1923	1283	Five	2	Hypnozoites	0	610_ATTTACCCAGATCATC
569	647	Five	2	Hypnozoites	0	610_ATTTCACCAAGAGTAT
239	552	Five	2	Hypnozoites	0	610_ATTTCTGGTGCGTGCT
710	722	Five	2	Hypnozoites	0	610_CAACCTCTCATAGGCT
716	727	Five	2	Hypnozoites	0	610_CAACGATTCCCAACTC
2570	1149	Five	2	Schizonts	0	610_CAACGATTCCGAACGC
3971	977	Five	2	Schizonts	0	610_CAACGGCCAAGCAGGT
1418	1189	Five	2	Hypnozoites	0	610_CAACGGCTCGTACCTC
120	480	Five	2	Hypnozoites	0	610_CAAGCTAAGCCGCTTG
4063	982	Five	2	Schizonts	0	610_CAATGACCATTCGGGC
3503	996	Five	2	Schizonts	0	610_CACCGTTGTAGTATAG
1471	1177	Five	2	Hypnozoites	0	610_CACGGGTAGTTGCCTA
185	510	Five	2	Hypnozoites	0	610_CACGGGTGTCTTAGTG
106	464	Five	2	Hypnozoites	0	610_CACGTTCCACCCTGTT
1389	1177	Five	2	Hypnozoites	0	610_CACTGTCTCATCTCTA
446	607	Five	2	Hypnozoites	1	610_CAGATACAGGGTCACA
1246	1144	Five	2	Hypnozoites	0	610_CAGCAATTCGCTGACG
610	651	Five	2	Hypnozoites	0	610_CAGCAGCCACATGAAA
7466	1127	Five	2	Schizonts	0	610_CAGGGCTCAAAGGGCT
1042	1023	Five	2	Hypnozoites	0	610_CAGGGCTCAAGGAGTC
1032	1016	Five	2	Hypnozoites	0	610_CAGGTATTCGTTCCCA
2410	1169	Five	2	Schizonts	0	610_CAGTTCCAGAAGCCTG
968	960	Five	2	Hypnozoites	0	610_CATACAGAGACCGCCT
282	595	Five	2	Hypnozoites	0	610_CATACCCGTGACCGAA
934	928	Five	2	Hypnozoites	0	610_CATCGCTTCTTGTGCC
5219	1081	Five	2	Schizonts	0	610_CATCGGGTCTCGAACA
348	688	Five	2	Hypnozoites	0	610_CATCGTCGTGTTAAAG
1201	1094	Five	2	Schizonts	0	610_CATGGATTCATCACTT
212	516	Five	2	Hypnozoites	0	610_CATGGTAAGCTGCCAC
6905	1116	Five	2	Schizonts	0	610_CATTCATCAGCACCCA
572	653	Five	2	Hypnozoites	0	610_CATTCTAGTAGGCAGT
128	489	Five	2	Hypnozoites	0	610_CATTGCCAGAGAACCC
357	696	Five	2	Hypnozoites	0	610_CATTGCCCACACGGTC
495	623	Five	2	Hypnozoites	0	610_CCAATGATCAGAGCGA
1487	1168	Five	2	Schizonts	0	610_CCACAAATCCGTATAG
4961	1066	Five	2	Schizonts	0	610_CCACACTCAACTCCAA
328	664	Five	2	Hypnozoites	0	610_CCACCATCAATTAGGA
2253	1224	Five	2	Schizonts	0	610_CCACGAGGTAGGGAGG
147	487	Five	2	Hypnozoites	0	610_CCACGTTAGCGAAACC
792	791	Five	2	Hypnozoites	0	610_CCACTTGGTATCACCA
840	836	Five	2	Hypnozoites	0	610_CCATCACCACCTCTGT
4982	1093	Five	2	Schizonts	0	610_CCCAACTTCTAAGGAA
710	719	Five	2	Hypnozoites	0	610_CCCGGAACAAACTAGA
1353	1170	Five	2	Hypnozoites	0	610_CCCTCAATCTGCCCTA
775	776	Five	2	Hypnozoites	0	610_CCCTCTCCAAGCTCTA
838	835	Five	2	Hypnozoites	0	610_CCTACGTTCCAGCCTT
479	613	Five	2	Hypnozoites	0	610_CCTACGTTCGTGGCGT
5112	1078	Five	2	Schizonts	0	610_CCTATCGTCTGCGATA
962	955	Five	2	Hypnozoites	0	610_CCTCAACTCATCGCTC
4801	1082	Five	2	Schizonts	0	610_CCTCACAAGCCTAACT
1276	1141	Five	2	Hypnozoites	0	610_CCTCACAGTAACCCGC
2067	1321	Five	2	Hypnozoites	0	610_CCTCACATCATGGGAG
2098	1296	Five	2	Schizonts	0	610_CCTCAGTTCTGAGATC
2985	976	Five	2	Schizonts	0	610_CCTCCAAGTGACTCGC
825	824	Five	2	Hypnozoites	0	610_CCTGTTGCATCACCAA
724	734	Five	2	Hypnozoites	0	610_CCTTGTGGTCCCGTGA
239	551	Five	2	Hypnozoites	0	610_CGAAGGAGTGGACTGA
1376	1160	Five	2	Hypnozoites	0	610_CGAAGTTAGGACCCAA
399	690	Five	2	Hypnozoites	0	610_CGAAGTTGTGAGTCAG
2619	1092	Five	2	Schizonts	0	610_CGACAGCAGCAAGTCG
1372	1161	Five	2	Schizonts	0	610_CGAGGCTAGCGTTCAT
344	678	Five	2	Hypnozoites	0	610_CGAGTTATCATGCCAA
644	683	Five	2	Hypnozoites	0	610_CGCATAACATATCTGG
492	615	Five	2	Hypnozoites	0	610_CGGAACCGTTTGCCGG
705	715	Five	2	Hypnozoites	0	610_CGGTCAGGTCGCAGTC
74	430	Five	2	Hypnozoites	0	610_CTACCCAGTTACTCAG
1517	1179	Five	2	Schizonts	0	610_CTACGGGTCGGTGTTA
788	789	Five	2	Hypnozoites	0	610_CTATCTATCACTCACC
1774	1265	Five	2	Hypnozoites	0	610_CTCAACCTCCCTCAAC
3359	1004	Five	2	Schizonts	0	610_CTCAAGATCGAGAGAC
1854	1275	Five	2	Hypnozoites	0	610_CTCAATTCAGATGCGA
563	645	Five	2	Hypnozoites	0	610_CTCAATTTCGATCCCT
127	486	Five	2	Hypnozoites	0	610_CTCAGAATCCTACCGT
3810	1023	Five	2	Schizonts	0	610_CTCCACATCCCGTTCA
615	659	Five	2	Hypnozoites	0	610_CTCCTTTTCGTGTTCC
186	515	Five	2	Hypnozoites	0	610_CTGAGCGCAGACCAGA
360	691	Five	2	Hypnozoites	0	610_CTGAGGCTCACCGACG
1414	1181	Five	2	Hypnozoites	0	610_CTGCAGGCATACAGAA
768	738	Five	2	Hypnozoites	0	610_CTGCAGGTCCGAGCTG
135	485	Five	2	Hypnozoites	0	610_CTGCATCAGCAATAGT
2565	1112	Five	2	Schizonts	1	610_CTGGACGAGGCTCTCG
3844	982	Five	2	Schizonts	0	610_CTGTAGACACTTTATC
310	636	Five	2	Hypnozoites	0	610_CTGTAGAGTACGATGG
1347	1163	Five	2	Hypnozoites	0	610_CTGTATTTCATTTGTC
159	488	Five	2	Hypnozoites	0	610_CTGTCGTAGACCAACG
2248	1233	Five	2	Schizonts	0	610_CTGTCGTCAAACTAGA
296	620	Five	2	Hypnozoites	0	610_CTGTGAAAGATGGCGT
652	682	Five	2	Hypnozoites	0	610_CTTACCGCAGGTTCAT
314	632	Five	2	Hypnozoites	0	610_CTTAGGAGTCCTGGTG
1306	1133	Five	2	Hypnozoites	0	610_CTTCTAAGTGGATCAG
267	582	Five	2	Hypnozoites	0	610_CTTCTCTCATTATGCG
783	780	Five	2	Hypnozoites	0	610_CTTGAGAGTCGGAAAC
5644	1094	Five	2	Schizonts	0	610_CTTTCGGTCATTTGTC
12056	1128	Five	2	Schizonts	0	610_GAACGTTGTTGAGGAC
109	467	Five	2	Hypnozoites	0	610_GAACTGTCATACACCA
791	793	Five	2	Hypnozoites	0	610_GAAGCCCTCGGTAACT
2644	1090	Five	2	Schizonts	0	610_GAAGGACTCATGCCAA
13246	1154	Five	2	Schizonts	0	610_GAAGTAAGTAGGTCAG
344	683	Five	2	Hypnozoites	0	610_GAAGTAATCGCTAAAC
832	828	Five	2	Hypnozoites	0	610_GAATCACTCGCTGACG
834	833	Five	2	Hypnozoites	0	610_GACACGCAGTTGCGAG
426	640	Five	2	Hypnozoites	0	610_GACCTTCTCGCAGTTA
416	629	Five	2	Hypnozoites	0	610_GACGTTACACATCATG
1499	1187	Five	2	Hypnozoites	0	610_GACGTTATCGCTACGG
139	497	Five	2	Hypnozoites	0	610_GAGAGGTCAGAATGTA
528	626	Five	2	Hypnozoites	0	610_GAGAGGTCATCACAGT
1301	1166	Five	2	Hypnozoites	0	610_GAGATGGGTTCTCCTG
4745	1036	Five	2	Schizonts	0	610_GAGCCTGAGCTGTTAC
2867	1048	Five	2	Hypnozoites	0	610_GAGCTGCTCCTTGAAG
66	421	Five	2	Hypnozoites	0	610_GAGGCCTAGTGATAGT
9979	1134	Five	2	Schizonts	0	610_GAGTGAGAGTCTTCCC
324	658	Five	2	Hypnozoites	0	610_GAGTGAGCACGTGAGA
340	675	Five	2	Hypnozoites	1	610_GAGTGAGGTCGGAACA
6072	1136	Five	2	Schizonts	0	610_GAGTTGTCAGAGCCCT
1451	1137	Five	2	Schizonts	0	610_GAGTTGTCATCGTGGC
1153	1096	Five	2	Hypnozoites	0	610_GAGTTTGGTCACTCTC
2606	1097	Five	2	Schizonts	0	610_GATCACAAGCAGGCTA
18273	1169	Five	2	Schizonts	0	610_GATCCCTAGGTCGTAG
1105	1064	Five	2	Hypnozoites	0	610_GATCCCTCAACCACAT
789	789	Five	2	Hypnozoites	0	610_GATGAGGAGGAGGCAG
1361	1171	Five	2	Schizonts	0	610_GATGGAGCACCAATTG
73	431	Five	2	Hypnozoites	0	610_GATTCGAGTATTTCCT
338	666	Five	2	Hypnozoites	0	610_GATTCTTAGATGAAGG
1315	1141	Five	2	Schizonts	0	610_GCAACATAGCCGAATG
370	695	Five	2	Hypnozoites	0	610_GCAACATGTAACTAAG
147	491	Five	2	Hypnozoites	0	610_GCAACCGAGGCGACAT
6203	1110	Five	2	Schizonts	1	610_GCAACCGCATTGACTG
1881	1281	Five	2	Hypnozoites	0	610_GCACATAAGGTGCCTC
1100	1066	Five	2	Hypnozoites	0	610_GCACATATCAAGGAGC
495	627	Five	2	Hypnozoites	0	610_GCATCGGAGTAGGAAG
2418	1203	Five	2	Schizonts	0	610_GCATCGGTCAGCATTG
206	518	Five	2	Hypnozoites	0	610_GCATCGGTCTGCCTGT
232	541	Five	2	Hypnozoites	0	610_GCATCTCAGAGAAGGT
1247	1147	Five	2	Hypnozoites	0	610_GCATTAGAGGTTACAA
4340	1016	Five	2	Schizonts	0	610_GCCCAGATCTTAGCAG
479	603	Five	2	Hypnozoites	0	610_GCCGATGCAGGAATAT
720	729	Five	2	Hypnozoites	0	610_GCCGATGCATGGGTCC
11699	1165	Five	2	Schizonts	0	610_GCGTTTCGTATCGAGG
1512	1166	Five	2	Schizonts	0	610_GCTGGGTGTTGGCCTG
750	752	Five	2	Hypnozoites	0	610_GCTTGGGGTCATGACT
1072	1034	Five	2	Hypnozoites	0	610_GCTTTCGAGGTTACAA
236	552	Five	2	Hypnozoites	0	610_GGAATGGGTCGGCACT
471	625	Five	2	Hypnozoites	0	610_GGAGAACCAGGGCTTC
92	453	Five	2	Hypnozoites	0	610_GGAGCAATCAAGTCTG
505	627	Five	2	Hypnozoites	0	610_GGAGGATAGCTGACAG
87	447	Five	2	Hypnozoites	0	610_GGATCTACAATGTCAC
725	736	Five	2	Hypnozoites	0	610_GGCACGTAGCATACTC
76	426	Five	2	Hypnozoites	0	610_GGGACTCCACCAGCTG
477	592	Five	2	Hypnozoites	0	610_GGGACTCGTGAGTAAT
486	624	Five	2	Hypnozoites	0	610_GGGAGATTCTAGTCAG
16141	1197	Five	2	Schizonts	0	610_GGGAGTAGTGACACAG
9756	1149	Five	2	Schizonts	0	610_GGGATGATCTACCCAC
2268	1274	Five	2	Hypnozoites	0	610_GGGCTACCACCGGTCA
344	679	Five	2	Schizonts	0	610_GGGTCACGTAACCCGC
1499	1195	Five	2	Hypnozoites	0	610_GGTGAAGGTCCTGGGT
524	628	Five	2	Hypnozoites	0	610_GGTGGCTCAGTCTTCC
282	596	Five	2	Hypnozoites	0	610_GGTGTCGTCCGATCGG
823	821	Five	2	Hypnozoites	0	610_GGTGTTATCATCACAG
1065	1047	Five	2	Hypnozoites	0	610_GGTTAACCAGCCTTCT
2652	1112	Five	2	Hypnozoites	1	610_GGTTAACCAGGCGATA
470	618	Five	2	Hypnozoites	0	610_GTAACCAAGCCAAGTG
6549	1131	Five	2	Schizonts	0	610_GTAACCATCGCTGCGA
283	599	Five	2	Hypnozoites	0	610_GTAAGTCCAACGTATC
1032	1014	Five	2	Hypnozoites	0	610_GTAATCGTCCGACATA
630	678	Five	2	Hypnozoites	0	610_GTAATGCGTTCCTAAG
254	568	Five	2	Hypnozoites	0	610_GTACAACGTGGCCTCA
1380	1149	Five	2	Hypnozoites	0	610_GTAGAGGAGTCTCGTA
1108	1071	Five	2	Hypnozoites	0	610_GTAGAGGTCCGTTTCG
382	684	Five	2	Hypnozoites	0	610_GTAGCTACATGGCCAC
186	498	Five	2	Hypnozoites	1	610_GTAGCTAGTGAGATAT
4910	1064	Five	2	Schizonts	0	610_GTCAAACTCAAAGAAC
912	907	Five	2	Hypnozoites	0	610_GTCACGGGTTAGGACG
477	611	Five	2	Hypnozoites	0	610_GTCATCCTCAGTGTCA
437	622	Five	2	Hypnozoites	0	610_GTCCACTTCGTTCAGA
5591	1110	Five	2	Schizonts	0	610_GTCCCATTCATTACGG
509	608	Five	2	Hypnozoites	0	610_GTCGTAATCGGTTAGT
1979	1285	Five	2	Hypnozoites	0	610_GTCTACCCACGGCTAC
1818	1262	Five	2	Hypnozoites	0	610_GTCTACCGTCTGCATA
434	647	Five	2	Hypnozoites	0	610_GTCTGTCGTGCGTGCT
84	444	Five	2	Hypnozoites	0	610_GTCTGTCTCACATACG
3821	1014	Five	2	Schizonts	0	610_GTGACGCTCTTGCGCT
222	538	Five	2	Hypnozoites	0	610_GTGATGTGTTTCGATG
874	869	Five	2	Hypnozoites	0	610_GTGATGTTCCGGCAGT
356	690	Five	2	Hypnozoites	0	610_GTGCGTGGTAGCTGTT
686	708	Five	2	Hypnozoites	0	610_GTGCTTCAGGTCGAGT
848	847	Five	2	Hypnozoites	1	610_GTGGAAGTCATTACGG
1667	1188	Five	2	Schizonts	0	610_GTGTAACGTCTGTTAG
533	637	Five	2	Hypnozoites	0	610_GTGTCCTCAGTAACAA
909	905	Five	2	Hypnozoites	0	610_GTGTCCTTCCCAGTGG
16723	1188	Five	2	Schizonts	0	610_GTGTTCCTCGTTGTAG
7071	1136	Five	2	Schizonts	0	610_GTTACAGTCACCATCC
1004	993	Five	2	Hypnozoites	0	610_GTTACGATCATAGACC
591	646	Five	2	Hypnozoites	0	610_GTTAGACCACGAAGAC
1568	1190	Five	2	Hypnozoites	0	610_GTTATGGTCATGTCAG
937	932	Five	2	Hypnozoites	0	610_GTTCGCTGTCTACAGT
4210	997	Five	2	Schizonts	0	610_GTTGCTCAGGCATTTC
1589	1177	Five	2	Hypnozoites	0	610_GTTGTCCAGGAGAGTA
1046	1024	Five	2	Hypnozoites	0	610_TAAGCCACAGACCTAT
891	887	Five	2	Hypnozoites	1	610_TAAGCGTAGGTGGTTG
742	747	Five	2	Hypnozoites	0	610_TAAGCGTTCGTTCTAT
446	632	Five	2	Hypnozoites	0	610_TAAGTCGCAGCCCAGT
94	444	Five	2	Hypnozoites	0	610_TACAACGAGCACACAG
1257	1136	Five	2	Hypnozoites	0	610_TACACCCAGTTTCAGC
6353	1085	Five	2	Schizonts	0	610_TACACCCTCTTCCGTG
2397	1207	Five	2	Schizonts	0	610_TACAGGTAGCGTTAGG
901	897	Five	2	Hypnozoites	0	610_TACCGAAGTCCACTCT
433	627	Five	2	Hypnozoites	0	610_TACCGAATCCTATTTG
154	496	Five	2	Hypnozoites	0	610_TACCGGGAGAGAGGGC
822	820	Five	2	Hypnozoites	0	610_TACCGGGGTTGCGGAA
450	629	Five	2	Hypnozoites	0	610_TACCTCGCAGGGCTTC
699	714	Five	2	Hypnozoites	0	610_TACCTCGCATATGGCT
239	548	Five	2	Hypnozoites	0	610_TACCTGCCACAAGTTC
88	428	Five	2	Hypnozoites	0	610_TACGCTCGTGCTAGCC
2342	1202	Five	2	Schizonts	0	610_TACGGTAGTGCGCTCA
1219	1112	Five	2	Hypnozoites	0	610_TACGTCCAGCTAGAAT
122	482	Five	2	Hypnozoites	0	610_TACGTCCCACCAATTG
94	449	Five	2	Hypnozoites	0	610_TACGTCCGTGACCGTC
1168	1099	Five	2	Hypnozoites	0	610_TACTGCCTCGTAGCCG
731	736	Five	2	Hypnozoites	0	610_TACTTGTTCACTTCTA
168	486	Five	2	Hypnozoites	1	610_TAGACTGCATCGAACT
541	640	Five	2	Hypnozoites	0	610_TAGATCGAGTATTCCG
746	753	Five	2	Hypnozoites	0	610_TATACCTGTTACAGCT
755	763	Five	2	Hypnozoites	0	610_TATATCCTCACCTTAT
1026	1007	Five	2	Hypnozoites	0	610_TATATCCTCATGGCCG
767	773	Five	2	Hypnozoites	0	610_TATCAGGAGGGCAATC
518	652	Five	2	Hypnozoites	0	610_TATCCTAAGGAAGAAC
3937	984	Five	2	Schizonts	0	610_TATCGCCGTCGAGTTT
829	828	Five	2	Hypnozoites	0	610_TATCTGTTCGATGGAG
1399	1176	Five	2	Hypnozoites	0	610_TATCTTGAGTATGGCG
325	653	Five	2	Hypnozoites	0	610_TATCTTGCAGAAATCA
5547	1089	Five	2	Schizonts	0	610_TATTCCACAAACTCGT
668	697	Five	2	Hypnozoites	0	610_TCAAGACAGAAGTCAT
347	677	Five	2	Hypnozoites	0	610_TCAAGCATCATTATCC
686	700	Five	2	Hypnozoites	0	610_TCAAGTGCAGAGTCTT
236	544	Five	2	Hypnozoites	0	610_TCACAAGCAATCGCAT
1173	1088	Five	2	Schizonts	0	610_TCACTCGAGCCTCAAT
1115	1072	Five	2	Hypnozoites	0	610_TCACTCGCAAGAGATT
674	692	Five	2	Hypnozoites	0	610_TCACTCGGTCGTGGTC
611	664	Five	2	Hypnozoites	1	610_TCAGTTTAGTCACGAG
580	654	Five	2	Hypnozoites	0	610_TCAGTTTTCCATCCGT
2241	1283	Five	2	Schizonts	0	610_TCATCCGAGGCAGTCA
1683	1213	Five	2	Hypnozoites	0	610_TCATGCCGTTAAACCC
232	541	Five	2	Hypnozoites	0	610_TCATGCCTCGTTCTGC
1973	1244	Five	2	Schizonts	0	610_TCATGGAAGACCAACG
2148	1249	Five	2	Schizonts	0	610_TCATTACGTTCGGCGT
4717	1070	Five	2	Schizonts	0	610_TCATTTGAGTCTCTGA
412	638	Five	2	Hypnozoites	0	610_TCATTTGGTTCTTAGG
987	979	Five	2	Hypnozoites	0	610_TCCAGAATCATCGCCT
993	981	Five	2	Hypnozoites	0	610_TCCATCGGTGTGTTTG
139	482	Five	2	Hypnozoites	0	610_TCCATCGTCGATGGAG
2275	1283	Five	2	Hypnozoites	0	610_TCCGATCAGGTCATTC
537	628	Five	2	Hypnozoites	0	610_TCCGGGAGTCCCGGTA
10916	1156	Five	2	Schizonts	0	610_TCCTAATCATACAGAA
815	813	Five	2	Schizonts	0	610_TCCTCCCAGACGGTCA
454	594	Five	2	Hypnozoites	0	610_TCCTCCCAGCGGGTAT
1205	1115	Five	2	Hypnozoites	0	610_TCCTCCCCAATGCTCA
1521	1178	Five	2	Schizonts	0	610_TCCTCCCGTAGTCGGA
1491	1172	Five	2	Schizonts	0	610_TCCTCCCGTGTTCATG
846	843	Five	2	Hypnozoites	0	610_TCCTCTTGTTCTCCCA
342	672	Five	2	Hypnozoites	0	610_TCCTTCTTCTGAACGT
1959	1250	Five	2	Schizonts	0	610_TCGACCTCATAACAGA
4055	1010	Five	2	Schizonts	0	610_TCGACGGAGCCGCACT
550	641	Five	2	Hypnozoites	0	610_TCGCTCAGTCATAAAG
3274	967	Five	2	Schizonts	0	610_TCGCTTGAGTAATACG
145	496	Five	2	Hypnozoites	0	610_TCGGGCAAGTGATAGT
5151	1085	Five	2	Schizonts	0	610_TCGGGCAGTCGAGATG
541	646	Five	2	Hypnozoites	0	610_TCGGGTGGTGTGTTTG
217	521	Five	2	Hypnozoites	0	610_TCGTAGAGTTGCTCAA
235	547	Five	2	Hypnozoites	0	610_TCGTGCTCAAGTTCCA
1123	1073	Five	2	Hypnozoites	0	610_TCGTGCTGTGCGACAA
15467	1150	Five	2	Schizonts	0	610_TCTATCATCGAAGCAG
1800	1269	Five	2	Hypnozoites	0	610_TCTCCGACAAGTATCC
917	911	Five	2	Hypnozoites	0	610_TCTGGCTAGGATCATA
91	449	Five	2	Hypnozoites	0	610_TCTGGCTTCGCATTGA
1194	1105	Five	2	Hypnozoites	0	610_TCTTGCGCACCTGTCT
2237	1250	Five	2	Schizonts	0	610_TGACAGTAGTGCAACG
615	670	Five	2	Hypnozoites	0	610_TGACCCTAGCTCACTA
2590	1105	Five	2	Schizonts	0	610_TGAGGTTAGCGCTGAA
108	465	Five	2	Hypnozoites	0	610_TGAGGTTCAAGTCCCG
116	485	Five	2	Hypnozoites	0	610_TGAGTCACAGACCAAG
923	916	Five	2	Hypnozoites	0	610_TGATCAGGTACTCGTA
417	632	Five	2	Hypnozoites	0	610_TGATCTTGTCCGCAGT
5439	1056	Five	2	Schizonts	0	610_TGATCTTTCAGACTGT
1813	1271	Five	2	Hypnozoites	0	610_TGATGGTAGCGTGAAC
1270	1154	Five	2	Hypnozoites	0	610_TGCAGGCTCCGGTAGC
1814	1254	Five	2	Hypnozoites	0	610_TGCAGTAGTTGGGTAG
793	796	Five	2	Hypnozoites	0	610_TGCAGTATCAAGTGTC
553	640	Five	2	Hypnozoites	0	610_TGCTCGTCATCCGGTG
1380	1178	Five	2	Hypnozoites	0	610_TGCTTGCCAATCCTTT
2180	1234	Five	2	Schizonts	0	610_TGGCGTGGTCGCAGTC
1304	1165	Five	2	Hypnozoites	0	610_TGGCGTGTCTGACAGT
470	610	Five	2	Hypnozoites	0	610_TGGGAAGCAGAACCGA
1522	1187	Five	2	Hypnozoites	0	610_TGGGAGAGTCTGTGGC
411	636	Five	2	Hypnozoites	0	610_TGGGATTCAGAGATGC
1091	1066	Five	2	Hypnozoites	0	610_TGGTGATAGCAATAAC
1179	1111	Five	2	Hypnozoites	1	610_TGGTGATAGGCGTCCT
5122	1092	Five	2	Schizonts	0	610_TGGTGATTCCTATTTG
497	619	Five	2	Hypnozoites	0	610_TGGTGATTCTCATGCC
262	571	Five	2	Hypnozoites	0	610_TGGTTAGAGTCAAGCG
5137	1090	Five	2	Schizonts	0	610_TGGTTAGCAATCGCGC
432	613	Five	2	Hypnozoites	0	610_TGTCAGAGTCGATGCC
672	697	Five	2	Hypnozoites	0	610_TGTGCGGCATTGTCGA
751	748	Five	2	Hypnozoites	0	610_TGTTCATAGACCAAGC
534	637	Five	2	Hypnozoites	0	610_TGTTCATGTTACAGCT
250	565	Five	2	Hypnozoites	1	610_TGTTCTACATAGCTGT
523	647	Five	2	Hypnozoites	0	610_TTACCGCCAAATGGCG
1021	1005	Five	2	Hypnozoites	0	610_TTACCGCTCTCTGCTG
2862	1009	Five	2	Schizonts	0	610_TTACGTTCATAATCCG
2148	1281	Five	2	Schizonts	0	610_TTACTGTAGATCGCCC
1678	1203	Five	2	Schizonts	0	610_TTAGTCTAGGCGTTAG
1629	1235	Five	2	Hypnozoites	0	610_TTATTGCGTCTTCCGT
11651	1214	Five	2	Schizonts	0	610_TTCACGCCACCTGCGA
596	666	Five	2	Hypnozoites	0	610_TTCATGTTCCTACCAC
865	862	Five	2	Hypnozoites	0	610_TTCCTAAGTTGCCAAT
312	633	Five	2	Hypnozoites	0	610_TTCGGTCTCTCTGGTC
1409	1199	Five	2	Hypnozoites	0	610_TTCTAACAGATTTGCC
260	569	Five	2	Hypnozoites	0	610_TTCTAGTAGCTGCCTG
3446	964	Five	2	Schizonts	0	610_TTCTCTCAGTTGCCTA
1523	1223	Five	2	Hypnozoites	0	610_TTCTCTCCACGAGGAT
927	924	Five	2	Hypnozoites	0	610_TTCTGTAGTACGAGTG
1155	1104	Five	2	Hypnozoites	0	610_TTCTTCCCACAACGTT
1133	1084	Five	2	Hypnozoites	0	610_TTCTTGAGTATAGCTC
3156	975	Five	2	Schizonts	0	610_TTGAACGAGCGGTAAC
283	591	Five	2	Hypnozoites	0	610_TTGACCCCAGCGATTT
180	491	Five	2	Hypnozoites	0	610_TTGCCTGAGAACAGGA
496	627	Five	2	Hypnozoites	0	610_TTGGGATCAGCTGCCA
1088	1040	Five	2	Hypnozoites	0	610_TTGGTTTTCATGAAAG
363	689	Five	2	Hypnozoites	0	610_TTGGTTTTCTCGCAGG
849	845	Five	2	Hypnozoites	0	610_TTGTGTTAGGCCTGAA
2616	1099	Five	2	Hypnozoites	0	610_TTGTGTTAGGGCAATC
1577	1210	Five	2	Hypnozoites	0	610_TTGTTTGGTCGCTGCA
691	700	Five	2	Hypnozoites	0	610_TTTACGTTCTGTGCGG
200	511	Five	2	Hypnozoites	0	610_TTTACTGAGGTGATAT
403	666	Five	2	Hypnozoites	0	610_TTTATGCTCCGGCAGT
3962	1019	Five	2	Schizonts	0	610_TTTGGAGCAATCTAGC
467	627	Five	2	Hypnozoites	1	610_TTTGGTTGTATGCTTG
